"df","AIC","model"
332.761278102792,1212824.05969499,"m1_full"
113.9658664118,1219259.48577915,"m1_base"
