"df","AIC","model"
79.4774233907573,80803.9062736026,"m2_full"
34.0888837835,81277.3158852025,"m2_base"
